Participant ID	OpenNeuroID	1. Age	2. Sex	3. Education	6a. Country of residence	6b. Country of origin	5.1 Native lanaguage: Language 1	5.1 Age of starting using language 1 in listening	5.1 Age of starting using language 1 in speaking	5.1 Age of starting using language 1 in reading	5.1 Age of starting using language 1 in writing	5.1 Years of using language 1	5.2 Language 2	5.2 Age of starting using language 2 in listening	5.2 Age of starting using language 2 in speaking	5.2 Age of starting using language 2 in reading	5.2 Age of starting using language 2 in writing	5.2 Years of using language 2	5.3 Language 3	5.3 Age of starting using language 3 in listening	5.3 Age of starting using language 3 in speaking	5.3 Age of starting using language 3 in reading	5.3 Age of starting using language 3 in writing	5.3 Years of using language 3	5.4 Language 4	5.4 Age of starting using language 4 in listening	5.4 Age of starting using language 4 in speaking	5.4 Age of starting using language 4 in reading	5.4 Age of starting using language 4 in writing	5.4 Years of using language 4	10. Rating for language leanring skills (7-point Likert scale from [very poor] to [excellent])	11.1 [Rating for current ability] Language 1	11.1 Listening (7-point Likert scale from [very poor] to [native-like])	11.1 Speaking (7-point Likert scale from [very poor] to [native-like])	11.1 Reading (7-point Likert scale from [very poor] to [native-like])	11.1 Writing (7-point Likert scale from [very poor] to [native-like])	11.2 [Rating for current ability] Language 2	11.2 Listening (7-point Likert scale from [very poor] to [native-like])	11.2 Speaking (7-point Likert scale from [very poor] to [native-like])	11.2 Reading (7-point Likert scale from [very poor] to [native-like])	11.2 Writing (7-point Likert scale from [very poor] to [native-like])	11.3 [Rating for current ability] Language 3	11.3 Listening (7-point Likert scale from [very poor] to [native-like])	11.3 Speaking (7-point Likert scale from [very poor] to [native-like])	11.3 Reading (7-point Likert scale from [very poor] to [native-like])	11.3 Writing (7-point Likert scale from [very poor] to [native-like])	11.4 [Rating for current ability] Language 4	11.4 Listening (7-point Likert scale from [very poor] to [native-like])	11.4 Speaking (7-point Likert scale from [very poor] to [native-like])	11.4 Reading (7-point Likert scale from [very poor] to [native-like])	11.4 Writing (7-point Likert scale from [very poor] to [native-like])	13.1 [Rating for the strength of accent] Language 1	13.1 Accent (7-point scale ranging from [none] to [extreme])	13.2 [Rating for the strength of accent] Language 2	13.2 Accent (7-point scale ranging from [none] to [extreme])	13.3 [Rating for the strength of accent] Language 3	13.3 Accent (7-point scale ranging from [none] to [extreme])	13.4 [Rating for the strength of accent] Language 4	13.4 Accent (7-point scale ranging from [none] to [extreme])	19.1 Language 1 which your friends also speak	19.1 Percentage of friends	19.2 Language 2 which your friends also speak	19.2 Percentage of friends	19.3 Language 3 which your friends also speak	19.3 Percentage of friends	19.4 Language 4 which your friends also speak	19.4 Percentage of friends
2101	1	23	F	 BA/BS	China	China	English	6	6	6	6	17	Spanish	20	20	20	20	3	n/a	n/a	n/a	n/a	n/a	n/a	n/a	n/a	n/a	n/a	n/a	n/a	5	English	5	5	5	5	n/a	n/a	n/a	n/a	n/a	n/a	n/a	n/a	n/a	n/a	n/a	n/a	n/a	n/a	n/a	English	2	n/a	n/a	n/a	n/a	n/a	n/a	n/a	n/a	n/a	n/a	n/a	n/a	n/a	n/a
2102	2	31	F	MA	Australia	China	Chinese (Simplified)	n/a	3	3	3	n/a	n/a	n/a	n/a	n/a	n/a	n/a	n/a	n/a	n/a	n/a	n/a	n/a	n/a	n/a	n/a	n/a	n/a	n/a	4	English	6	6	6	5	n/a	n/a	n/a	n/a	n/a	n/a	n/a	n/a	n/a	n/a	n/a	n/a	n/a	n/a	n/a	English	2	n/a	n/a	n/a	n/a	n/a	n/a	English	80	Chinese (Simplified)	80	n/a	n/a	n/a	n/a
2003	3	20	F	 BA/BS	China	China	English	9	9	9	9	10	n/a	n/a	n/a	n/a	n/a	n/a	n/a	n/a	n/a	n/a	n/a	n/a	n/a	n/a	n/a	n/a	n/a	n/a	4	Chinese (Simplified)	7	7	7	7	English	3	4	4	4	n/a	n/a	n/a	n/a	n/a	n/a	n/a	n/a	n/a	n/a	English	4	n/a	n/a	n/a	n/a	n/a	n/a	Chinese (Simplified)	100	n/a	n/a	n/a	n/a	n/a	n/a
2104	4	30	M	 BA/BS	China	China	Chinese (Simplified)	n/a	5	5	5	25	English	n/a	10	10	10	20	French	n/a	25	25	25	2	n/a	n/a	n/a	n/a	n/a	n/a	5	Chinese (Simplified)	7	7	6	6	English	6	7	6	5	French	1	3	3	1	n/a	n/a	n/a	n/a	n/a	English	2	French	4	n/a	n/a	n/a	n/a	English	60	n/a	n/a	n/a	n/a	n/a	n/a
2005	5	29	F	 BA/BS	China	China	English	n/a	7	7	7	11	n/a	n/a	n/a	n/a	n/a	n/a	n/a	n/a	n/a	n/a	n/a	n/a	n/a	n/a	n/a	n/a	n/a	n/a	6	English	6	6	6	6	n/a	n/a	n/a	n/a	n/a	n/a	n/a	n/a	n/a	n/a	n/a	n/a	n/a	n/a	n/a	English	2	n/a	n/a	n/a	n/a	n/a	n/a	Chinese (Simplified)	30	English	70	n/a	n/a	n/a	n/a
2006	6	33	M	 BA/BS	Hong Kong	China	Chinese (Simplified)	n/a	27	27	27	6	English	n/a	5	5	5	20	Chinese (Traditional)	n/a	2	2	2	11	n/a	n/a	n/a	n/a	n/a	n/a	4	Chinese (Traditional)	7	7	5	3	English	7	7	7	7	Chinese (Simplified)	5	5	5	3	n/a	n/a	n/a	n/a	n/a	Chinese (Simplified)	4	n/a	n/a	n/a	n/a	n/a	n/a	Chinese (Traditional)	40	English	40	Chinese (Simplified)	20	n/a	n/a
2007	7	26	F	MA	China	China	English	n/a	9	9	9	10	n/a	n/a	n/a	n/a	n/a	n/a	n/a	n/a	n/a	n/a	n/a	n/a	n/a	n/a	n/a	n/a	n/a	n/a	6	English	5	5	5	2	n/a	n/a	n/a	n/a	n/a	n/a	n/a	n/a	n/a	n/a	n/a	n/a	n/a	n/a	n/a	English	4	n/a	n/a	n/a	n/a	n/a	n/a	English	70	n/a	n/a	n/a	n/a	n/a	n/a
2008	8	25	F	MA	China	China	Chinese (Simplified)	n/a	1	1	1	25	English	n/a	12	12	12	13	Japanese	n/a	19	19	19	2	French	n/a	24	24	24	1	5	Chinese (Simplified)	7	7	7	7	English	5	5	5	6	Japanese	3	3	5	4	French	1	1	3	2	English	2	Japanese	2	French	4	n/a	n/a	Chinese (Simplified)	80	Japanese	6	English	10	French	4
2009	9	23	F	MA	China	China	Chinese (Simplified)	n/a	1	5	5	23	English	n/a	8	8	8	15	n/a	n/a	n/a	n/a	n/a	n/a	n/a	n/a	n/a	n/a	n/a	n/a	5	Chinese (Simplified)	7	7	7	7	English	4	4	5	4	n/a	n/a	n/a	n/a	n/a	n/a	n/a	n/a	n/a	n/a	English	3	n/a	n/a	n/a	n/a	n/a	n/a	Chinese (Simplified)	100	n/a	n/a	n/a	n/a	n/a	n/a
2010	10	31	F	MA	China	China	Chinese (Simplified)	n/a	7	7	7	24	English	n/a	16	16	16	15	French	n/a	22	22	22	2	German	n/a	28	28	28	1	5	Chinese (Simplified)	7	7	7	7	English	5	6	6	6	French	2	2	2	2	German	2	2	2	2	Chinese (Simplified)	1	English	2	n/a	n/a	n/a	n/a	Chinese (Simplified)	100	English	40	German	5	n/a	n/a
2011	11	21	M	 BA/BS	China	China	Chinese (Simplified)	n/a	3	3	3	18	English	n/a	6	6	8	15	n/a	n/a	n/a	n/a	n/a	n/a	n/a	n/a	n/a	n/a	n/a	n/a	6	Chinese (Simplified)	7	7	7	7	English	5	6	5	6	n/a	n/a	n/a	n/a	n/a	n/a	n/a	n/a	n/a	n/a	English	1	n/a	n/a	n/a	n/a	n/a	n/a	Chinese (Simplified)	100	English	25	n/a	n/a	n/a	n/a
2012	12	24	F	 BA/BS	China	China	Chinese (Simplified)	n/a	1	5	5	23	English	n/a	10	10	10	13	n/a	n/a	n/a	n/a	n/a	n/a	n/a	n/a	n/a	n/a	n/a	n/a	4	Chinese (Simplified)	7	7	7	7	English	4	2	5	2	n/a	n/a	n/a	n/a	n/a	n/a	n/a	n/a	n/a	n/a	English	5	n/a	n/a	n/a	n/a	n/a	n/a	Chinese (Simplified)	95	English	5	n/a	n/a	n/a	n/a
2013	13	19	F	 BA/BS	China	China	Chinese (Simplified)	n/a	1	1	3	18	English	n/a	5	6	6	13	Spanish	n/a	16	15	18	4	n/a	n/a	n/a	n/a	n/a	n/a	6	Chinese (Simplified)	7	7	7	7	English	7	7	7	5	Spanish	3	3	3	3	n/a	n/a	n/a	n/a	n/a	English	2	n/a	n/a	n/a	n/a	n/a	n/a	Chinese (Simplified)	85	English	15	n/a	n/a	n/a	n/a
2014	14	23	F	MA	China	China	Chinese (Simplified)	n/a	2	5	5	21	English	n/a	10	10	10	13	n/a	n/a	n/a	n/a	n/a	n/a	n/a	n/a	n/a	n/a	n/a	n/a	6	Chinese (Simplified)	6	5	6	6	English	5	5	5	5	n/a	n/a	n/a	n/a	n/a	n/a	n/a	n/a	n/a	n/a	English	3	n/a	n/a	n/a	n/a	n/a	n/a	Chinese (Simplified)	95	English	5	n/a	n/a	n/a	n/a
2015	15	25	F	 BA/BS	China	China	Chinese (Simplified)	n/a	2	3	6	23	English	n/a	9	9	9	14	n/a	n/a	n/a	n/a	n/a	n/a	n/a	n/a	n/a	n/a	n/a	n/a	4	Chinese (Simplified)	6	7	7	5	English	4	2	5	4	n/a	n/a	n/a	n/a	n/a	n/a	n/a	n/a	n/a	n/a	Chinese (Simplified)	3	English	2	n/a	n/a	n/a	n/a	Chinese (Simplified)	99	English	1	n/a	n/a	n/a	n/a
2016	16	23	F	 BA/BS	China	China	Chinese (Simplified)	n/a	2	4	5	23	English	n/a	11	12	12	11	n/a	n/a	n/a	n/a	n/a	n/a	n/a	n/a	n/a	n/a	n/a	n/a	4	Chinese (Simplified)	7	5	7	7	English	3	2	2	2	n/a	n/a	n/a	n/a	n/a	n/a	n/a	n/a	n/a	n/a	Chinese (Simplified)	1	English	3	n/a	n/a	n/a	n/a	Chinese (Simplified)	100	n/a	n/a	n/a	n/a	n/a	n/a
2017	17	38	M	 BA/BS	China	Hong Kong	Chinese (Traditional)	n/a	1	3	3	37	English	n/a	1	4	4	37	Chinese (Simplified)	n/a	6	n/a	n/a	31	French	n/a	14	14	14	4	7	Chinese (Traditional)	7	7	6	6	English	7	7	7	7	Chinese (Simplified)	6	6	6	6	French	4	4	5	4	English	1	Chinese (Simplified)	2	French	4	n/a	n/a	Chinese (Traditional)	20	Chinese (Simplified)	60	English	20	n/a	n/a
2218	18	25	F	MA	China	China	Chinese (Simplified)	n/a	n/a	n/a	n/a	n/a	English	n/a	9	9	9	16	n/a	n/a	n/a	n/a	n/a	n/a	n/a	n/a	n/a	n/a	n/a	n/a	5	n/a	5	4	5	4	n/a	n/a	n/a	n/a	n/a	n/a	n/a	n/a	n/a	n/a	n/a	n/a	n/a	n/a	n/a	English	3	n/a	n/a	n/a	n/a	n/a	n/a	Chinese (Simplified)	100	English	60	n/a	n/a	n/a	n/a
2019	19	19	F	 BA/BS	China	China	Chinese (Simplified)	n/a	2	2	3	19	English	n/a	8	8	9	10	n/a	n/a	n/a	n/a	n/a	n/a	n/a	n/a	n/a	n/a	n/a	n/a	5	Chinese (Simplified)	7	7	7	7	English	3	4	4	5	n/a	n/a	n/a	n/a	n/a	n/a	n/a	n/a	n/a	n/a	English	4	n/a	n/a	n/a	n/a	n/a	n/a	Chinese (Simplified)	98	English	2	n/a	n/a	n/a	n/a
2020	20	24	M	 BA/BS	China	China	Chinese (Simplified)	n/a	1	4	5	24	English	n/a	12	12	12	12	n/a	n/a	n/a	n/a	n/a	n/a	n/a	n/a	n/a	n/a	n/a	n/a	5	Chinese (Simplified)	7	7	7	7	English	4	4	5	4	n/a	n/a	n/a	n/a	n/a	n/a	n/a	n/a	n/a	n/a	English	4	n/a	n/a	n/a	n/a	n/a	n/a	Chinese (Simplified)	80	English	20	n/a	n/a	n/a	n/a
2021	21	23	F	 BA/BS	China	China	Chinese (Simplified)	n/a		n/a	n/a		English	n/a	10	10	12	11	n/a	n/a	n/a	n/a	n/a	n/a	n/a	n/a	n/a	n/a	n/a	n/a	5	English	4	3	4	4	n/a	n/a	n/a	n/a	n/a	n/a	n/a	n/a	n/a	n/a	n/a	n/a	n/a	n/a	n/a	English	2	n/a	n/a	n/a	n/a	n/a	n/a	Chinese (Simplified)	90	English	60	n/a	n/a	n/a	n/a
2022	22	24	F	 BA/BS	China	China	English	n/a	7	7	7	14		n/a	n/a	n/a	n/a	n/a	n/a	n/a	n/a	n/a	n/a	n/a	n/a	n/a	n/a	n/a	n/a	n/a	4	English	4	4	4	4	n/a	n/a	n/a	n/a	n/a	n/a	n/a	n/a	n/a	n/a	n/a	n/a	n/a	n/a	n/a	English	4	n/a	n/a	n/a	n/a	n/a	n/a	English	70	n/a	n/a	n/a	n/a	n/a	n/a
2123	23	24	F	 BA/BS	China	China	Chinese (Simplified)	n/a	n/a	n/a	n/a		English	n/a	8	8	12	16	n/a	n/a	n/a	n/a	n/a	n/a	n/a	n/a	n/a	n/a	n/a	n/a	4	English	4	3	5	3	n/a	n/a	n/a	n/a	n/a	n/a	n/a	n/a	n/a	n/a	n/a	n/a	n/a	n/a	n/a	English	3	n/a	n/a	n/a	n/a	n/a	n/a	Chinese (Simplified)	95	English	5	n/a	n/a	n/a	n/a
2024	24	34	M	 BA/BS	China	Hong Kong	Chinese (Traditional)	n/a	n/a	n/a	n/a	34	English	n/a	n/a	6	6	n/a	Chinese (Simplified)	n/a	24	24	n/a	n/a	n/a	n/a	n/a	n/a	n/a	n/a	6	Chinese (Traditional)	7	7	7	7	English	5	5	6	5	Chinese (Traditional)	5	5	6	6	n/a	n/a	n/a	n/a	n/a	English	3	Chinese (Simplified)	4	n/a	n/a	n/a	n/a	Chinese (Traditional)	33	English	33	Chinese (Simplified)	33	n/a	n/a
2025	25	25	F	 BA/BS	China	China	English	n/a	n/a	10	10	10	Japanese	n/a	n/a	21	21	1	French	n/a	n/a	24	24	1	n/a	n/a	n/a	n/a	n/a	n/a	6	English	4	5	5	5	French	2	3	4	3	Japanese	2	3	6	2	n/a	n/a	n/a	n/a	n/a	English	1	Japanese	1	French	1	n/a	n/a	Chinese (Simplified)	80	English	10	French	8	Japanese	2
2026	26	22	F	MA	China	China	Chinese (Simplified)	n/a	2	5	5	17	English	n/a	11	11	11	11	Korean	n/a	19	19	19	3	n/a	n/a	n/a	n/a	n/a	n/a	4	Chinese (Simplified)	7	7	7	7	English	5	5	5	4	Korean	4	3	3	2	n/a	n/a	n/a	n/a	n/a	Chinese (Simplified)	1	English	4	Korean	4	n/a	n/a	Chinese (Simplified)	99	English	1	n/a	n/a	n/a	n/a
2027	27	21	M	 BA/BS	China	China	Chinese (Traditional)	n/a	3	3	6	18	Chinese (Simplified)	n/a	6	6	6	15	English	n/a	8	8	8	13	n/a	n/a	n/a	n/a	n/a	n/a	5	Chinese (Traditional)	7	7	7	6	Chinese (Simplified)	6	6	6	7	English	6	5	6	5	n/a	n/a	n/a	n/a	n/a	Chinese (Traditional)	1	Chinese (Simplified)	3	Chinese (Simplified)	3	n/a	n/a	Chinese (Traditional)	40	Chinese (Simplified)	50	English	20	n/a	n/a
2128	28	22	F	 BA/BS	China	China	Chinese (Simplified)	n/a	2	2	3	20	Chinese (Traditional)	n/a	12	12	12	10	n/a	n/a	n/a	n/a	n/a	n/a	n/a	n/a	n/a	n/a	n/a	n/a	4	Chinese (Simplified)	7	7	7	7	English	3	4	4	4	n/a	n/a	n/a	n/a	n/a	n/a	n/a	n/a	n/a	n/a	English	5	n/a	n/a	n/a	n/a	n/a	n/a	Chinese (Simplified)	100	English	20	n/a	n/a	n/a	n/a
3101	29	21	M	BA/BS	China	China	Chinese (simplified)	1	2	3	4	20	English	4	4	5	5	16	Japanese	12	17	19	19	3	German	15	15	15	15	2	6	English	6	6	6	6	Japanese	5	6	4	3	German	1	3	1	1	n/a	n/a	n/a	n/a	n/a	English	2	Japanese	4	German	6	n/a	n/a	Chinese (simplified)	95	English	80	Japanese	20	German	5
3002	30	26	M	PhD/MD/JD	United States	China	Chinese (simplified)	26	26	26	26	26	English	14	6	14	14	14	Japanese	1	1	1	1	1	n/a	n/a	n/a	n/a	n/a	n/a	6	English	6	5	6	5	Japanese	3	2	3	2	n/a	n/a	n/a	n/a	n/a	n/a	n/a	n/a	n/a	n/a	English	4	Japanese	3	n/a	n/a	n/a	n/a	Chinese (simplified)	50	English	100	Japanese	5	n/a	n/a
3003	31	19	F	BA/BS	United States	China	Chinese (simplified)	19	19	19	19	76	English	14	14	14	14	56	n/a	n/a	n/a	n/a	n/a	n/a	n/a	n/a	n/a	n/a	n/a	n/a	4	English	5	5	5	5	n/a	n/a	n/a	n/a	n/a	n/a	n/a	n/a	n/a	n/a	n/a	n/a	n/a	n/a	n/a	English	4	n/a	n/a	n/a	n/a	n/a	n/a	English	98	n/a	n/a	n/a	n/a	n/a	n/a
3004	32	29	M	PhD/MD/JD	United States	Taiwan	Chinese (traditional)	0	0	0	0	29	English	10	10	10	10	19	n/a	n/a	n/a	n/a	n/a	n/a	n/a	n/a	n/a	n/a	n/a	n/a	4	English	5	4	5	4	n/a	n/a	n/a	n/a	n/a	n/a	n/a	n/a	n/a	n/a	n/a	n/a	n/a	n/a	n/a	English	4	n/a	n/a	n/a	n/a	n/a	n/a	Chinese (traditional)	100	English	90	n/a	n/a	n/a	n/a
3005	33	19	F	BA/BS	United States	China	Chinese (simplified)	19	19	19	19	19	English	9	9	9	9	9	n/a	n/a	n/a	n/a	n/a	n/a	n/a	n/a	n/a	n/a	n/a	n/a	5	English	6	5	6	5	n/a	n/a	n/a	n/a	n/a	n/a	n/a	n/a	n/a	n/a	n/a	n/a	n/a	n/a	n/a	English	3	n/a	n/a	n/a	n/a	n/a	n/a	Chinese (simplified)	90	English	10	n/a	n/a	n/a	n/a
3106	34	21	M	BA/BS	China	China	Chinese (simplified)	21	21	18	16	21	English	15	2	10	3	3	n/a	n/a	n/a	n/a	n/a	n/a	n/a	n/a	n/a	n/a	n/a	n/a	5	English	5	4	6	4	Japanese	3	3	1	1	Korean	3	3	1	1	n/a	n/a	n/a	n/a	n/a	English	5	Japanese	4	Korean	4	n/a	n/a	Chinese (simplified)	95	English	30	Japanese	2	Korean	5
3007	35	21	M	BA/BS	United States	China	Chinese (simplified)	21	20	15	14	21	English	12	10	12	12	12	Korean	1	1	1	1	1	n/a	n/a	n/a	n/a	n/a	n/a	4	English	5	5	6	6	Korean	3	3	3	2	n/a	n/a	n/a	n/a	n/a	n/a	n/a	n/a	n/a	n/a	English	5	Korean	6	n/a	n/a	n/a	n/a	Chinese (simplified)	95	English	60	Korean	5	n/a	n/a
3008	36	33	M	PhD/MD/JD	United States	China	Chinese (simplified)	33	33	27	27	33	English	21	21	21	21	21	Italian	14	14	14	14	14	n/a	n/a	n/a	n/a	n/a	n/a	5	English	6	6	6	6	Italian	6	6	6	6	n/a	n/a	n/a	n/a	n/a	n/a	n/a	n/a	n/a	n/a	English	4	Italian	3	n/a	n/a	n/a	n/a	Chinese (simplified)	50	English	40	Italian	10	n/a	n/a
3009	37	21	M	BA/BS	United States	China	Chinese (simplified)	21	21	21	21	n/a	Chinese (traditional)	21	21	21	0	n/a	English	7	6	6	6	n/a	n/a	n/a	n/a	n/a	n/a	n/a	5	English	7	7	5	5	n/a	n/a	n/a	n/a	n/a	n/a	n/a	n/a	n/a	n/a	n/a	n/a	n/a	n/a	n/a	English	2	n/a	n/a	n/a	n/a	n/a	n/a	English	90	n/a	n/a	n/a	n/a	n/a	n/a
3010	38	23	M	PhD/MD/JD	United States	Taiwan	Chinese (traditional)	0	0	0	0	23	English	7	7	7	7	16	n/a	n/a	n/a	n/a	n/a	n/a	n/a	n/a	n/a	n/a	n/a	n/a	6	Chinese (simplified)	6	5	6	4	English	6	5	6	4	n/a	n/a	n/a	n/a	n/a	n/a	n/a	n/a	n/a	n/a	Chinese (simplified)	4	English	4	n/a	n/a	n/a	n/a	Chinese (traditional)	80	Chinese (simplified)	15	English	5	n/a	n/a
3011	39	22	M	BA/BS	United States	China	Chinese (simplified)	0	0	0	6	n/a	English	6	6	6	6	n/a	n/a	n/a	n/a	n/a	n/a	n/a	n/a	n/a	n/a	n/a	n/a	n/a	n/a	n/a	n/a	n/a	n/a	n/a	n/a	n/a	n/a	n/a	n/a	n/a	n/a	n/a	n/a	n/a	n/a	n/a	n/a	n/a	n/a	n/a	n/a	n/a	n/a	n/a	n/a	n/a	n/a	n/a	n/a	n/a	n/a	n/a	n/a	n/a	n/a
3012	40	29	M	PhD/MD/JD	United States	China	Chinese (simplified)	3	4	6	6	23	Chinese (traditional)	0	1	7	12	28	English	4	10	10	10	20	n/a	n/a	n/a	n/a	n/a	n/a	6	Chinese (simplified)	7	7	7	7	Chinese (traditional)	7	7	7	3	English	4	4	5	5	n/a	n/a	n/a	n/a	n/a	Chinese (simplified)	3	Chinese (traditional)	2	English	4	n/a	n/a	Chinese (simplified)	90	Chinese (traditional)	70	English	40	n/a	n/a
3013	41	21	M	BA/BS	United States	China	Chinese (simplified)	0	0	0	0	21	English	8	8	8	8	13	Korean	20	20	20	20	1	n/a	n/a	n/a	n/a	n/a	n/a	7	English	7	7	7	7	n/a	n/a	n/a	n/a	n/a	n/a	n/a	n/a	n/a	n/a	n/a	n/a	n/a	n/a	n/a	English	3	Korean	4	n/a	n/a	n/a	n/a	Chinese (simplified)	98	English	100	Korean	10	n/a	n/a
3014	42	30	M	PhD/MD/JD	United States	Taiwan	Chinese (traditional)	30	30	25	25	30	English	20	20	20	20	20	n/a	n/a	n/a	n/a	n/a	n/a	n/a	n/a	n/a	n/a	n/a	n/a	4	English	5	5	6	5	n/a	n/a	n/a	n/a	n/a	n/a	n/a	n/a	n/a	n/a	n/a	n/a	n/a	n/a	n/a	English	4	n/a	n/a	n/a	n/a	n/a	n/a	Chinese (traditional)	80	English	20	n/a	n/a	n/a	n/a
3015	43	27	M	PhD/MD/JD	United States	China	Chinese (simplified)	27	25	20	20	25	English	4	1	12	5	12	n/a	n/a	n/a	n/a	n/a	n/a	n/a	n/a	n/a	n/a	n/a	n/a	4	English	2	3	5	3	n/a	n/a	n/a	n/a	n/a	n/a	n/a	n/a	n/a	n/a	n/a	n/a	n/a	n/a	n/a	English	4	n/a	n/a	n/a	n/a	n/a	n/a	Chinese (simplified)	98	English	25	n/a	n/a	n/a	n/a
3016	44	21	M	BA/BS	United States	China	Chinese (simplified)	0	2	5	6	21	English	0	3	6	6	18	Latin	16	16	16	16	1	Japanese	15	15	15	15	2	6	English	6	6	6	6	Latin	3	2	3	3	Japanese	3	3	4	3	n/a	n/a	n/a	n/a	n/a	English	2	Latin	7	Japanese	6	n/a	n/a	Chinese (simplified)	80	English	18	Japanese	2	Latin	n/a
3017	45	30	M	PhD/MD/JD	China	China	Chinese (simplified)	0	0	5	5	30	English	13	13	13	13	17	n/a	n/a	n/a	n/a	n/a	n/a	n/a	n/a	n/a	n/a	n/a	n/a	2	English	4	1	4	3	n/a	n/a	n/a	n/a	n/a	n/a	n/a	n/a	n/a	n/a	n/a	n/a	n/a	n/a	n/a	Chinese (simplified)	1	English	6	n/a	n/a	n/a	n/a	Chinese (simplified)	99	English	50	n/a	n/a	n/a	n/a
3018	46	25	M	PhD/MD/JD	United States	China	Chinese (simplified)	0	0	0	0	25	English	7	7	7	7	18	n/a	n/a	n/a	n/a	n/a	n/a	n/a	n/a	n/a	n/a	n/a	n/a	5	Chinese (simplified)	7	7	7	7	English	5	6	5	4	n/a	n/a	n/a	n/a	n/a	n/a	n/a	n/a	n/a	n/a	English	3	n/a	n/a	n/a	n/a	n/a	n/a	Chinese (simplified)	70	English	100	n/a	n/a	n/a	n/a
3019	47	22	M	BA/BS	United States	China	Chinese (simplified)	0	1	4	5	22	English	8	8	11	14	14	n/a	n/a	n/a	n/a	n/a	n/a	n/a	n/a	n/a	n/a	n/a	n/a	6	English	7	6	5	5	n/a	n/a	n/a	n/a	n/a	n/a	n/a	n/a	n/a	n/a	n/a	n/a	n/a	n/a	n/a	English	2	n/a	n/a	n/a	n/a	n/a	n/a	Chinese (simplified)	30	English	70	n/a	n/a	n/a	n/a
3020	48	27	F	PhD/MD/JD	United States	China	Chinese (simplified)	27	26	22	22	97	English	15	15	15	15	60	n/a	n/a	n/a	n/a	n/a	n/a	n/a	n/a	n/a	n/a	n/a	n/a	4	English	3	3	5	3	n/a	n/a	n/a	n/a	n/a	n/a	n/a	n/a	n/a	n/a	n/a	n/a	n/a	n/a	n/a	English	5	n/a	n/a	n/a	n/a	n/a	n/a	Chinese (simplified)	99	English	80	n/a	n/a	n/a	n/a
3021	49	28	F	PhD/MD/JD	United States	China	Chinese (simplified)	0	2	3	5	28	n/a	n/a	n/a	n/a	n/a	n/a	n/a	n/a	n/a	n/a	n/a	n/a	n/a	n/a	n/a	n/a	n/a	n/a	4	English	2	3	4	4	n/a	n/a	n/a	n/a	n/a	n/a	n/a	n/a	n/a	n/a	n/a	n/a	n/a	n/a	n/a	English	6	n/a	n/a	n/a	n/a	n/a	n/a	Chinese (simplified)	90	English	70	n/a	n/a	n/a	n/a
3122	50	28	M	PhD/MD/JD	United States	China	Chinese (simplified)	26	26	26	26	27	English	14	14	14	14	14	n/a	n/a	n/a	n/a	n/a	n/a	n/a	n/a	n/a	n/a	n/a	n/a	4	English	5	4	5	4	n/a	n/a	n/a	n/a	n/a	n/a	n/a	n/a	n/a	n/a	n/a	n/a	n/a	n/a	n/a	English	6	n/a	n/a	n/a	n/a	n/a	n/a	English	30	n/a	n/a	n/a	n/a	n/a	n/a
3023	51	26	M	PhD/MD/JD	United States	China	Chinese (simplified)	0	2	6	6	26	n/a	n/a	n/a	n/a	n/a	n/a	n/a	n/a	n/a	n/a	n/a	n/a	n/a	n/a	n/a	n/a	n/a	n/a	4	English	4	4	5	5	n/a	n/a	n/a	n/a	n/a	n/a	n/a	n/a	n/a	n/a	n/a	n/a	n/a	n/a	n/a	Chinese (simplified)	4	English	4	n/a	n/a	n/a	n/a	Chinese (simplified)	95	English	80	n/a	n/a	n/a	n/a
3024	52	25	F	PhD/MD/JD	United States	China	Chinese (simplified)	25	22	21	20	25	English	15	15	15	15	15	n/a	n/a	n/a	n/a	n/a	n/a	n/a	n/a	n/a	n/a	n/a	n/a	5	English	4	4	6	5	n/a	n/a	n/a	n/a	n/a	n/a	n/a	n/a	n/a	n/a	n/a	n/a	n/a	n/a	n/a	English	4	n/a	n/a	n/a	n/a	n/a	n/a	English	10	n/a	n/a	n/a	n/a	n/a	n/a
3025	53	24	F	BA/BS	United States	China	Chinese (simplified)	1	2	5	5	24	English	10	10	10	10	14	n/a	n/a	n/a	n/a	n/a	n/a	n/a	n/a	n/a	n/a	n/a	n/a	5	n/a	n/a	n/a	n/a	n/a	English	5	5	5	5	n/a	n/a	n/a	n/a	n/a	n/a	n/a	n/a	n/a	n/a	English	2	n/a	n/a	n/a	n/a	n/a	n/a	Chinese (simplified)	80	English	80	n/a	n/a	n/a	n/a
3026	54	20	F	BA/BS	United States	China	Chinese (simplified)	0	0	0	0	20	English	8	8	8	8	12	n/a	n/a	n/a	n/a	n/a	n/a	n/a	n/a	n/a	n/a	n/a	n/a	5	Chinese (simplified)	4	5	4	5	English	4	5	4	4	n/a	n/a	n/a	n/a	n/a	n/a	n/a	n/a	n/a	n/a	English	4	n/a	n/a	n/a	n/a	n/a	n/a	Chinese (simplified)	90	English	50	n/a	n/a	n/a	n/a
3127	55	23	F	BA/BS	United States	China	Chinese (simplified)	0	1	1	3	n/a	English	12	12	12	12	n/a	n/a	n/a	n/a	n/a	n/a	n/a	n/a	n/a	n/a	n/a	n/a	n/a	5	English	6	5	5	5	n/a	n/a	n/a	n/a	n/a	n/a	n/a	n/a	n/a	n/a	n/a	n/a	n/a	n/a	n/a	Chinese (simplified)	1	English	4	n/a	n/a	n/a	n/a	Chinese (simplified)	80	English	50	n/a	n/a	n/a	n/a
3128	56	20	F	BA/BS	United States	China	Chinese (simplified)	20	18	15	15	20	English	15	15	15	15	15	n/a	n/a	n/a	n/a	n/a	n/a	n/a	n/a	n/a	n/a	n/a	n/a	4	English	4	5	5	5	n/a	n/a	n/a	n/a		n/a	n/a	n/a	n/a	n/a	n/a	n/a	n/a	n/a	n/a	English	7	n/a	n/a	n/a	n/a	n/a	n/a	Chinese (simplified)	90	English	100	n/a	n/a	n/a	n/a